{"cameraMode":{"drawMode":0,"name":"Shaded","section":"Shading Mode"},"sceneLighting":false,"audioPlay":false,"sceneViewState":{"m_AlwaysRefresh":false,"showFog":true,"showSkybox":false,"showFlares":true,"showImageEffects":true,"showParticleSystems":true,"showVisualEffectGraphs":true,"m_FxEnabled":true},"in2DMode":false,"pivot":{"x":0.2698652744293213,"y":0.11507964134216309,"z":1.1920928955078126e-7},"rotation":{"x":-0.09339575469493866,"y":0.2970767617225647,"z":-0.02856803499162197,"w":-0.950107216835022},"size":2.6991593837738039,"orthographic":false}