{"cameraMode":{"drawMode":0,"name":"Shaded","section":"Shading Mode"},"sceneLighting":false,"audioPlay":false,"sceneViewState":{"m_AlwaysRefresh":false,"showFog":true,"showSkybox":false,"showFlares":true,"showImageEffects":true,"showParticleSystems":true,"showVisualEffectGraphs":true,"m_FxEnabled":true},"in2DMode":false,"pivot":{"x":712.0803833007813,"y":-2.781923294067383,"z":-23.003183364868165},"rotation":{"x":0.03752301260828972,"y":0.9157820343971252,"z":-0.08627335727214813,"w":0.39060285687446597},"size":10.386645317077637,"orthographic":false}