{"cameraMode":{"drawMode":0,"name":"Shaded","section":"Shading Mode"},"sceneLighting":true,"audioPlay":false,"sceneViewState":{"m_AlwaysRefresh":false,"showFog":true,"showSkybox":false,"showFlares":true,"showImageEffects":true,"showParticleSystems":true,"showVisualEffectGraphs":true,"m_FxEnabled":true},"in2DMode":false,"pivot":{"x":695.608642578125,"y":0.26138830184936526,"z":-12.015729904174805},"rotation":{"x":-0.14506016671657563,"y":-0.5328150391578674,"z":0.09301404654979706,"w":-0.8289979696273804},"size":2.9660251140594484,"orthographic":false}