{"cameraMode":{"drawMode":0,"name":"Shaded","section":"Shading Mode"},"sceneLighting":false,"audioPlay":false,"sceneViewState":{"m_AlwaysRefresh":false,"showFog":true,"showSkybox":false,"showFlares":true,"showImageEffects":true,"showParticleSystems":true,"showVisualEffectGraphs":true,"m_FxEnabled":true},"in2DMode":false,"pivot":{"x":0.0437169075012207,"y":0.06333059072494507,"z":-2.384185791015625e-7},"rotation":{"x":-0.09339575469493866,"y":0.2970767617225647,"z":-0.02856803499162197,"w":-0.950107216835022},"size":2.4613189697265627,"orthographic":false}