{"cameraMode":{"drawMode":0,"name":"Shaded","section":"Shading Mode"},"sceneLighting":true,"audioPlay":false,"sceneViewState":{"m_AlwaysRefresh":false,"showFog":true,"showSkybox":false,"showFlares":true,"showImageEffects":true,"showParticleSystems":true,"showVisualEffectGraphs":true,"m_FxEnabled":true},"in2DMode":false,"pivot":{"x":699.9459838867188,"y":0.26139068603515627,"z":-41.78941345214844},"rotation":{"x":0.17237737774848939,"y":0.33695337176322939,"z":-0.06289252638816834,"w":0.9236281514167786},"size":60.62177658081055,"orthographic":false}