{"cameraMode":{"drawMode":0,"name":"Shaded","section":"Shading Mode"},"sceneLighting":true,"audioPlay":false,"sceneViewState":{"m_AlwaysRefresh":false,"showFog":true,"showSkybox":false,"showFlares":true,"showImageEffects":true,"showParticleSystems":true,"showVisualEffectGraphs":true,"m_FxEnabled":false},"in2DMode":false,"pivot":{"x":701.9066772460938,"y":0.6794472336769104,"z":-40.25382614135742},"rotation":{"x":0.18998131155967713,"y":-0.38873839378356936,"z":0.08223982900381088,"w":0.8978706002235413},"size":3.2558372020721437,"orthographic":false}